signup_month,eligible_players,retained_players,day_number,retention_rate
2016-01,20741,20581,0,0.9922858107130804
2016-02,13762,13674,0,0.9936055805842174
2016-03,11468,11423,0,0.9960760376700384
2016-04,9223,9035,0,0.979616176948932
2016-05,8386,8323,0,0.9924874791318865
2016-06,7947,7906,0,0.9948408204353845
2016-07,8592,8558,0,0.9960428305400373
2016-08,7801,7780,0,0.9973080374310985
2016-09,6233,6203,0,0.995186908390823
2016-10,6323,6290,0,0.99478095840582
2016-11,5575,5543,0,0.9942600896860987
2016-12,6597,6564,0,0.9949977262391997
2016-01,20741,8826,1,0.425533966539704
2016-02,13762,5564,1,0.4043017003342537
2016-03,11468,4296,1,0.37460760376700386
2016-04,9223,3488,1,0.3781849723517294
2016-05,8386,3234,1,0.38564273789649417
2016-06,7947,2975,1,0.37435510255442306
2016-07,8592,3493,1,0.4065409683426443
2016-08,7801,3162,1,0.40533264966029997
2016-09,6233,2386,1,0.382801219316541
2016-10,6323,2409,1,0.3809900363751384
2016-11,5575,2177,1,0.3904932735426009
2016-12,6317,2503,1,0.39623238879214817
2016-01,20741,6861,2,0.33079407935972227
2016-02,13762,4262,2,0.3096933585234704
2016-03,11468,3304,2,0.28810603418207187
2016-04,9223,2607,2,0.2826629079475225
2016-05,8386,2467,2,0.2941807774862867
2016-06,7947,2273,2,0.28601988171637094
2016-07,8592,2680,2,0.31191806331471134
2016-08,7801,2375,2,0.3044481476733752
2016-09,6233,1746,2,0.28012193165409915
2016-10,6323,1814,2,0.28688913490431756
2016-11,5575,1628,2,0.29201793721973096
2016-12,6084,1808,2,0.2971729125575279
2016-01,20741,6040,3,0.29121064558121595
2016-02,13762,3691,3,0.2682022961778811
2016-03,11468,2864,3,0.2497384025113359
2016-04,9223,2245,3,0.2434132061151469
2016-05,8386,2075,3,0.24743620319580253
2016-06,7947,1930,3,0.24285894048068454
2016-07,8592,2273,3,0.264548417132216
2016-08,7801,2047,3,0.26240225612101015
2016-09,6233,1461,3,0.23439756136691803
2016-10,6323,1534,3,0.24260635774157838
2016-11,5575,1368,3,0.24538116591928252
2016-12,5876,1476,3,0.25119128658951667
2016-01,20741,5468,4,0.2636324188804783
2016-02,13762,3345,4,0.24306060165673593
2016-03,11468,2557,4,0.22296825950470875
2016-04,9223,2005,4,0.21739130434782608
2016-05,8386,1917,4,0.22859527784402575
2016-06,7947,1761,4,0.22159305398263496
2016-07,8592,2056,4,0.239292364990689
2016-08,7801,1821,4,0.23343161133188053
2016-09,6233,1326,4,0.21273864912562168
2016-10,6323,1387,4,0.21935789973114028
2016-11,5575,1235,4,0.22152466367713006
2016-12,5662,1287,4,0.22730483927940656
2016-01,20741,5207,5,0.2510486476061906
2016-02,13762,3075,5,0.223441360267403
2016-03,11468,2401,5,0.2093651900941751
2016-04,9223,1883,5,0.20416350428277133
2016-05,8386,1834,5,0.21869782971619364
2016-06,7947,1596,5,0.2008305020762552
2016-07,8592,1856,5,0.21601489757914338
2016-08,7801,1649,5,0.2113831560056403
2016-09,6233,1226,5,0.19669501042836515
2016-10,6323,1299,5,0.20544045547999368
2016-11,5575,1151,5,0.206457399103139
2016-12,5438,1138,5,0.20926811327694006
2016-01,20741,4984,6,0.24029699628754642
2016-02,13762,2943,6,0.2138497311437291
2016-03,11468,2309,6,0.20134286710847576
2016-04,9223,1873,6,0.20307925837579963
2016-05,8386,1798,6,0.2144049606487002
2016-06,7947,1517,6,0.1908896438907764
2016-07,8592,1742,6,0.20274674115456237
2016-08,7801,1550,6,0.19869247532367645
2016-09,6233,1165,6,0.18690839082303867
2016-10,6323,1222,6,0.19326269176024038
2016-11,5575,1097,6,0.1967713004484305
2016-12,5203,1090,6,0.2094945223909283
2016-01,20741,4830,7,0.23287208909888626
2016-02,13762,2746,7,0.1995349513152158
2016-03,11468,2248,7,0.19602371817230554
2016-04,9223,1779,7,0.19288734685026565
2016-05,8386,1683,7,0.2006916289053184
2016-06,7947,1434,7,0.18044545111362778
2016-07,8592,1640,7,0.1908752327746741
2016-08,7801,1415,7,0.18138700166645302
2016-09,6233,1155,7,0.18530402695331302
2016-10,6323,1176,7,0.18598766408350467
2016-11,5575,1084,7,0.19443946188340808
2016-12,4897,987,7,0.20155197059424138
2016-01,20741,4545,8,0.21913118943156068
2016-02,13762,2563,8,0.18623746548466794
2016-03,11468,2101,8,0.18320544122776422
2016-04,9223,1655,8,0.17944269760381654
2016-05,8386,1554,8,0.18530884808013356
2016-06,7947,1342,8,0.1688687555052221
2016-07,8592,1529,8,0.17795623836126628
2016-08,7801,1325,8,0.16985001922830406
2016-09,6233,1061,8,0.17022300657789186
2016-10,6323,1052,8,0.16637671991143443
2016-11,5575,1020,8,0.18295964125560538
2016-12,4604,823,8,0.17875760208514335
2016-01,20741,4272,9,0.20596885396075407
2016-02,13762,2397,9,0.17417526522307805
2016-03,11468,1925,9,0.16785838855946983
2016-04,9223,1550,9,0.16805811558061368
2016-05,8386,1416,9,0.16885284998807537
2016-06,7947,1253,9,0.15766956084056877
2016-07,8592,1440,9,0.16759776536312848
2016-08,7801,1237,9,0.15856941417766954
2016-09,6233,1016,9,0.16300336916412642
2016-10,6323,997,9,0.15767831725446782
2016-11,5575,925,9,0.16591928251121077
2016-12,4373,741,9,0.16944889092156415
2016-01,20741,4097,10,0.19753145942818573
2016-02,13762,2285,10,0.16603691323935474
2016-03,11468,1841,10,0.1605336588768748
2016-04,9223,1418,10,0.15374606960858722
2016-05,8386,1348,10,0.1607440973050322
2016-06,7947,1166,10,0.14672203347175033
2016-07,8592,1393,10,0.16212756052141528
2016-08,7801,1166,10,0.14946801692090758
2016-09,6233,937,10,0.15032889459329377
2016-10,6323,956,10,0.15119405345563813
2016-11,5575,869,10,0.1558744394618834
2016-12,4175,663,10,0.15880239520958084
2016-01,20741,3979,11,0.1918422448290825
2016-02,13762,2205,11,0.16022380467955238
2016-03,11468,1761,11,0.15355772584583188
2016-04,9223,1311,11,0.14214463840399003
2016-05,8386,1277,11,0.15227760553303124
2016-06,7947,1158,11,0.14571536428841073
2016-07,8592,1341,11,0.1560754189944134
2016-08,7801,1148,11,0.1471606204332778
2016-09,6233,924,11,0.1482432215626504
2016-10,6323,908,11,0.14360272022774
2016-11,5575,867,11,0.15551569506726456
2016-12,3996,617,11,0.1544044044044044
2016-01,20741,3884,12,0.18726194493997397
2016-02,13762,2174,12,0.15797122511262898
2016-03,11468,1714,12,0.14945936519009417
2016-04,9223,1352,12,0.146590046622574
2016-05,8386,1241,12,0.1479847364655378
2016-06,7947,1126,12,0.14168868755505223
2016-07,8592,1268,12,0.14757914338919925
2016-08,7801,1088,12,0.13946929880784514
2016-09,6233,892,12,0.14310925717952833
2016-10,6323,872,12,0.13790922030681638
2016-11,5575,841,12,0.15085201793721972
2016-12,3821,549,12,0.1436796650091599
2016-01,20741,3855,13,0.18586374813171977
2016-02,13762,2126,13,0.15448335997674756
2016-03,11468,1697,13,0.14797697942099755
2016-04,9223,1386,13,0.15027648270627778
2016-05,8386,1258,13,0.1500119246362986
2016-06,7947,1115,13,0.14030451742796024
2016-07,8592,1283,13,0.1493249534450652
2016-08,7801,1044,13,0.13382899628252787
2016-09,6233,890,13,0.1427883844055832
2016-10,6323,874,13,0.13822552585797881
2016-11,5575,852,13,0.1528251121076233
2016-12,3639,556,13,0.15278922780983786
2016-01,20741,3782,14,0.1823441492695627
2016-02,13762,2079,14,0.1510681586978637
2016-03,11468,1708,14,0.14893617021276595
2016-04,9223,1406,14,0.15244497452022118
2016-05,8386,1237,14,0.1475077510135941
2016-06,7947,1098,14,0.13816534541336353
2016-07,8592,1240,14,0.14432029795158285
2016-08,7801,999,14,0.1280605050634534
2016-09,6233,879,14,0.14102358414888497
2016-10,6323,892,14,0.14107227581844062
2016-11,5575,861,14,0.15443946188340807
2016-12,3403,494,14,0.14516602997355274
2016-01,20741,3697,15,0.17824598621088664
2016-02,13762,1975,15,0.1435111175701206
2016-03,11468,1645,15,0.14344262295081966
2016-04,9223,1322,15,0.14333730890165888
2016-05,8386,1178,15,0.1404722155974243
2016-06,7947,1054,15,0.13262866490499559
2016-07,8592,1177,15,0.136987895716946
2016-08,7801,993,15,0.12729137290091014
2016-09,6233,834,15,0.13380394673511953
2016-10,6323,825,15,0.13047603985449946
2016-11,5575,794,15,0.14242152466367713
2016-12,3129,425,15,0.13582614253755193
2016-01,20741,3500,16,0.16874789065136686
2016-02,13762,1928,16,0.14009591629123674
2016-03,11468,1585,16,0.1382106731775375
2016-04,9223,1246,16,0.13509704000867398
2016-05,8386,1119,16,0.13343668018125449
2016-06,7947,1026,16,0.1291053227633069
2016-07,8592,1113,16,0.1295391061452514
2016-08,7801,922,16,0.11818997564414818
2016-09,6233,810,16,0.12995347344777797
2016-10,6323,767,16,0.12130317887078919
2016-11,5575,746,16,0.13381165919282512
2016-12,2927,386,16,0.13187564058763238
2016-01,20741,3430,17,0.1653729328383395
2016-02,13762,1837,17,0.13348350530446157
2016-03,11468,1527,17,0.13315312173003138
2016-04,9223,1160,17,0.12577252520871735
2016-05,8386,1090,17,0.12997853565466252
2016-06,7947,1005,17,0.1264628161570404
2016-07,8592,1099,17,0.1279096834264432
2016-08,7801,913,17,0.11703627740033329
2016-09,6233,783,17,0.1256216909995187
2016-10,6323,770,17,0.12177763719753282
2016-11,5575,699,17,0.1253811659192825
2016-12,2746,334,17,0.12163146394756008
2016-01,20741,3364,18,0.16219082975748517
2016-02,13762,1770,18,0.1286150268856271
2016-03,11468,1492,18,0.13010115102895012
2016-04,9223,1123,18,0.12176081535292205
2016-05,8386,1046,18,0.12473169568328166
2016-06,7947,958,18,0.1205486347049201
2016-07,8592,1041,18,0.12115921787709497
2016-08,7801,894,18,0.1146006922189463
2016-09,6233,748,18,0.12000641745547891
2016-10,6323,739,18,0.11687490115451526
2016-11,5575,687,18,0.12322869955156951
2016-12,2572,310,18,0.12052877138413685
2016-01,20741,3293,19,0.1587676582614146
2016-02,13762,1735,19,0.12607179189071355
2016-03,11468,1491,19,0.1300139518660621
2016-04,9223,1151,19,0.12479670389244281
2016-05,8386,1043,19,0.12437395659432388
2016-06,7947,948,19,0.11929029822574556
2016-07,8592,1019,19,0.11859869646182496
2016-08,7801,864,19,0.11075503140622997
2016-09,6233,729,19,0.11695812610300016
2016-10,6323,728,19,0.11513522062312194
2016-11,5575,684,19,0.12269058295964126
2016-12,2407,288,19,0.1196510178645617
2016-01,20741,3272,20,0.15775517091750638
2016-02,13762,1730,20,0.1257084726057259
2016-03,11468,1507,20,0.13140913847227068
2016-04,9223,1170,20,0.12685677111568905
2016-05,8386,1060,20,0.12640114476508466
2016-06,7947,936,20,0.11778029445073612
2016-07,8592,992,20,0.1154562383612663
2016-08,7801,843,20,0.10806306883732855
2016-09,6233,739,20,0.11856248997272581
2016-10,6323,742,20,0.1173493594812589
2016-11,5575,706,20,0.12663677130044843
2016-12,2253,270,20,0.11984021304926765
2016-01,20741,3234,21,0.15592305096186299
2016-02,13762,1724,21,0.12527248946374073
2016-03,11468,1497,21,0.1305371468433903
2016-04,9223,1179,21,0.12783259243196357
2016-05,8386,1030,21,0.1228237538755068
2016-06,7947,908,21,0.11425695230904744
2016-07,8592,1033,21,0.12022811918063314
2016-08,7801,813,21,0.10421740802461223
2016-09,6233,751,21,0.1204877266163966
2016-10,6323,747,21,0.11814012335916495
2016-11,5575,705,21,0.12645739910313902
2016-12,2031,252,21,0.1240768094534712
2016-01,20741,3165,22,0.1525963068318789
2016-02,13762,1638,22,0.1190233977619532
2016-03,11468,1446,22,0.12608998953610046
2016-04,9223,1121,22,0.1215439661715277
2016-05,8386,989,22,0.11793465299308371
2016-06,7947,899,22,0.11312444947779036
2016-07,8592,970,22,0.11289571694599627
2016-08,7801,768,22,0.09844891680553775
2016-09,6233,703,22,0.11278678004171346
2016-10,6323,692,22,0.10944172070219832
2016-11,5575,684,22,0.12269058295964126
2016-12,1780,211,22,0.11853932584269664
2016-01,20741,3093,23,0.14912492165276506
2016-02,13762,1577,23,0.11459090248510391
2016-03,11468,1393,23,0.12146843390303454
2016-04,9223,1087,23,0.11785753008782392
2016-05,8386,953,23,0.11364178392559027
2016-06,7947,847,23,0.1065810997860828
2016-07,8592,960,23,0.11173184357541899
2016-08,7801,747,23,0.09575695423663633
2016-09,6233,681,23,0.10925717952831702
2016-10,6323,644,23,0.10185038747430017
2016-11,5575,646,23,0.1158744394618834
2016-12,1588,188,23,0.11838790931989925
2016-01,20741,3028,24,0.14599103225495397
2016-02,13762,1561,24,0.11342828077314344
2016-03,11468,1382,24,0.12050924311126614
2016-04,9223,1050,24,0.11384582023202862
2016-05,8386,917,24,0.10934891485809682
2016-06,7947,856,24,0.10771360261733988
2016-07,8592,934,24,0.10870577281191807
2016-08,7801,750,24,0.09614152031790796
2016-09,6233,633,24,0.10155623295363389
2016-10,6323,643,24,0.10169223469871896
2016-11,5575,616,24,0.1104932735426009
2016-12,1428,165,24,0.11554621848739496
2016-01,20741,2970,25,0.1431946386384456
2016-02,13762,1520,25,0.11044906263624474
2016-03,11468,1323,25,0.115364492500872
2016-04,9223,1057,25,0.11460479236690882
2016-05,8386,903,25,0.10767946577629382
2016-06,7947,837,25,0.10532276330690826
2016-07,8592,914,25,0.1063780260707635
2016-08,7801,738,25,0.09460325599282143
2016-09,6233,632,25,0.10139579656666133
2016-10,6323,636,25,0.10058516526965049
2016-11,5575,619,25,0.11103139013452915
2016-12,1271,134,25,0.1054287962234461
2016-01,20741,2908,26,0.14020539028976423
2016-02,13762,1491,26,0.10834181078331638
2016-03,11468,1336,26,0.11649808161841646
2016-04,9223,1067,26,0.11568903827388051
2016-05,8386,905,26,0.10791795850226568
2016-06,7947,839,26,0.10557443060274317
2016-07,8592,870,26,0.10125698324022346
2016-08,7801,702,26,0.08998846301756185
2016-09,6233,619,26,0.09931012353601797
2016-10,6323,621,26,0.09821287363593231
2016-11,5575,604,26,0.1083408071748879
2016-12,1103,112,26,0.10154125113327289
2016-01,20741,2919,27,0.14073574080323997
2016-02,13762,1502,27,0.1091411132102892
2016-03,11468,1323,27,0.115364492500872
2016-04,9223,1059,27,0.11482164154830315
2016-05,8386,902,27,0.1075602194133079
2016-06,7947,837,27,0.10532276330690826
2016-07,8592,872,27,0.10148975791433892
2016-08,7801,711,27,0.09114216126137675
2016-09,6233,644,27,0.1033210332103321
2016-10,6323,645,27,0.10200854024988139
2016-11,5575,600,27,0.10762331838565023
2016-12,933,110,27,0.11789924973204716
2016-01,20741,2893,28,0.13948218504411553
2016-02,13762,1497,28,0.10877779392530156
2016-03,11468,1324,28,0.11545169166376003
2016-04,9223,1092,28,0.11839965304130977
2016-05,8386,892,28,0.1063677557834486
2016-06,7947,813,28,0.1023027557568894
2016-07,8592,853,28,0.09927839851024209
2016-08,7801,688,28,0.08819382130496091
2016-09,6233,646,28,0.10364190598427724
2016-10,6323,628,28,0.09931994306500079
2016-11,5575,624,28,0.11192825112107624
2016-12,678,83,28,0.1224188790560472
2016-01,20741,2867,29,0.13822862928499108
2016-02,13762,1428,29,0.10376398779247202
2016-03,11468,1278,29,0.11144053017091037
2016-04,9223,1090,29,0.11818280385991543
2016-05,8386,868,29,0.10350584307178631
2016-06,7947,802,29,0.10091858562979741
2016-07,8592,833,29,0.09695065176908753
2016-08,7801,659,29,0.08447634918600179
2016-09,6233,624,29,0.10011230547088079
2016-10,6323,595,29,0.09410090147082081
2016-11,5575,588,29,0.10547085201793722
2016-12,390,48,29,0.12307692307692308
2016-01,20741,2753,30,0.13273226941806085
2016-02,13762,1391,30,0.10107542508356343
2016-03,11468,1249,30,0.10891175444715731
2016-04,9223,1009,30,0.10940041201344465
2016-05,8386,838,30,0.09992845218220844
2016-06,7947,786,30,0.09890524726311815
2016-07,8592,808,30,0.09404096834264432
2016-08,7801,629,30,0.08063068837328548
2016-09,6233,598,30,0.0959409594095941
2016-10,6323,570,30,0.09014708208129053
2016-11,5575,579,30,0.10385650224215247
2016-12,177,17,30,0.096045197740113
