country_code,created_platform,players,payers,revenue_usd,avg_lifetime_revenue,avg_active_days,avg_sessions_14,avg_revenue_14,payer_rate
AE,Android,138,1,12.17,0.08818840579710145,7.028985507246377,6.77536231884058,0.05347826086956522,0.007246376811594203
AE,iOS,87,1,7.36,0.08459770114942529,9.28735632183908,5.448275862068965,0.08459770114942529,0.011494252873563218
AF,Android,41,0,0.0,0.0,8.78048780487805,13.829268292682928,0.0,0.0
AF,iOS,9,0,0.0,0.0,2.2222222222222223,3.0,0.0,0.0
AG,Android,3,0,0.0,0.0,10.666666666666666,26.0,0.0,0.0
AG,iOS,1,0,0.0,0.0,1.0,1.0,0.0,0.0
AL,Android,33,0,0.0,0.0,2.696969696969697,9.757575757575758,0.0,0.0
AL,iOS,6,0,0.0,0.0,2.6666666666666665,5.333333333333333,0.0,0.0
AM,Android,19,0,0.0,0.0,20.05263157894737,12.263157894736842,0.0,0.0
AM,iOS,3,0,0.0,0.0,17.666666666666668,25.0,0.0,0.0
AO,Android,4,0,0.0,0.0,7.0,9.0,0.0,0.0
AO,iOS,2,0,0.0,0.0,1.0,2.0,0.0,0.0
AR,Android,763,1,1.84,0.0024115334207077325,11.585845347313237,11.929226736566186,0.0024115334207077325,0.001310615989515072
AR,iOS,49,1,5.5200000000000005,0.1126530612244898,17.06122448979592,14.489795918367347,0.0,0.02040816326530612
AT,Android,202,1,284.71,1.4094554455445543,11.673267326732674,11.742574257425742,0.7687128712871287,0.0049504950495049506
AT,iOS,36,0,0.0,0.0,22.77777777777778,18.166666666666668,0.0,0.0
AU,Android,378,9,213.17000000000002,0.563941798941799,18.082010582010582,12.788359788359788,0.20476190476190478,0.023809523809523808
AU,iOS,451,17,237.49,0.5265853658536586,19.19290465631929,15.161862527716186,0.36314855875831487,0.037694013303769404
AW,Android,2,0,0.0,0.0,1.0,1.0,0.0,0.0
AW,iOS,1,0,0.0,0.0,1.0,1.0,0.0,0.0
AZ,Android,169,0,0.0,0.0,9.005917159763314,12.1301775147929,0.0,0.0
AZ,iOS,5,0,0.0,0.0,9.0,15.8,0.0,0.0
BA,Android,69,0,0.0,0.0,8.0,9.797101449275363,0.0,0.0
BA,iOS,6,0,0.0,0.0,1.3333333333333333,1.3333333333333333,0.0,0.0
BB,Android,2,0,0.0,0.0,1.5,2.5,0.0,0.0
BB,iOS,1,0,0.0,0.0,1.0,1.0,0.0,0.0
BD,Android,583,0,0.0,0.0,10.150943396226415,8.4442538593482,0.0,0.0
BD,iOS,13,0,0.0,0.0,34.07692307692308,29.153846153846153,0.0,0.0
BE,Android,233,3,12.91,0.05540772532188841,13.21030042918455,10.729613733905579,0.007896995708154506,0.012875536480686695
BE,iOS,109,0,0.0,0.0,13.743119266055047,9.642201834862385,0.0,0.0
BF,Android,3,0,0.0,0.0,1.3333333333333333,2.3333333333333335,0.0,0.0
BG,Android,121,0,0.0,0.0,6.396694214876033,9.24793388429752,0.0,0.0
BG,iOS,10,0,0.0,0.0,36.3,28.8,0.0,0.0
BH,Android,43,0,0.0,0.0,10.720930232558139,9.488372093023257,0.0,0.0
BH,iOS,13,1,14.75,1.1346153846153846,33.30769230769231,15.923076923076923,0.566923076923077,0.07692307692307693
BJ,Android,6,0,0.0,0.0,22.5,14.666666666666666,0.0,0.0
BN,Android,7,0,0.0,0.0,11.714285714285714,13.857142857142858,0.0,0.0
BN,iOS,5,0,0.0,0.0,12.2,14.6,0.0,0.0
BO,Android,92,0,0.0,0.0,24.467391304347824,17.565217391304348,0.0,0.0
BO,iOS,3,0,0.0,0.0,5.333333333333333,7.666666666666667,0.0,0.0
BQ,Android,1,0,0.0,0.0,1.0,1.0,0.0,0.0
BR,Android,2490,4,66.41,0.026670682730923694,10.874698795180723,10.763052208835342,0.009626506024096385,0.001606425702811245
BR,iOS,165,2,19.57,0.1186060606060606,22.55757575757576,17.24848484848485,0.11193939393939394,0.012121212121212121
BS,Android,4,0,0.0,0.0,2.0,5.25,0.0,0.0
BS,iOS,3,0,0.0,0.0,29.333333333333332,7.666666666666667,0.0,0.0
BT,Android,2,0,0.0,0.0,31.5,17.0,0.0,0.0
BW,Android,2,0,0.0,0.0,3.0,3.0,0.0,0.0
BY,Android,206,0,0.0,0.0,12.189320388349515,9.388349514563107,0.0,0.0
BY,iOS,9,0,0.0,0.0,12.88888888888889,4.666666666666667,0.0,0.0
BZ,Android,2,0,0.0,0.0,112.5,19.0,0.0,0.0
BZ,iOS,1,0,0.0,0.0,42.0,37.0,0.0,0.0
CA,Android,782,21,1096.31,1.4019309462915601,16.914322250639387,12.676470588235293,0.2643478260869565,0.026854219948849106
CA,iOS,596,21,1443.22,2.421510067114094,17.726510067114095,11.914429530201343,0.6092617449664429,0.03523489932885906
CD,Android,3,0,0.0,0.0,4.666666666666667,2.6666666666666665,0.0,0.0
CD,iOS,1,0,0.0,0.0,5.0,12.0,0.0,0.0
CG,Android,1,0,0.0,0.0,6.0,18.0,0.0,0.0
CH,Android,98,1,3.68,0.037551020408163265,6.714285714285714,8.061224489795919,0.037551020408163265,0.01020408163265306
CH,iOS,100,8,1824.0600000000002,18.2406,23.34,17.9,5.0114,0.08
CI,Android,15,0,0.0,0.0,4.2,3.466666666666667,0.0,0.0
CI,iOS,2,0,0.0,0.0,1.0,1.0,0.0,0.0
CL,Android,362,0,0.0,0.0,10.005524861878452,8.035911602209945,0.0,0.0
CL,iOS,49,0,0.0,0.0,8.489795918367347,13.53061224489796,0.0,0.0
CM,Android,4,0,0.0,0.0,2.75,4.5,0.0,0.0
CM,iOS,2,0,0.0,0.0,1.0,1.0,0.0,0.0
CN,Android,31367,769,6417.7,0.20460037619153887,16.90607963783594,16.472502948959097,0.07374788790767367,0.02451621130487455
CN,iOS,6677,105,4945.53,0.7406814437621686,21.62183615396136,19.646997154410663,0.2564774599370975,0.015725625280814736
CO,Android,579,1,458.6,0.7920552677029361,11.599309153713298,13.124352331606218,0.11492227979274611,0.0017271157167530224
CO,iOS,40,0,0.0,0.0,16.05,15.0,0.0,0.0
CR,Android,170,0,0.0,0.0,9.105882352941176,9.505882352941176,0.0,0.0
CR,iOS,10,0,0.0,0.0,11.8,20.6,0.0,0.0
CV,Android,2,0,0.0,0.0,90.5,30.5,0.0,0.0
CW,iOS,1,0,0.0,0.0,1.0,1.0,0.0,0.0
CY,Android,21,0,0.0,0.0,25.476190476190474,15.095238095238095,0.0,0.0
CY,iOS,7,1,3.68,0.5257142857142857,39.285714285714285,16.142857142857142,0.0,0.14285714285714285
CZ,Android,247,2,12.89,0.052186234817813766,13.704453441295547,12.635627530364372,0.014898785425101216,0.008097165991902834
CZ,iOS,18,0,0.0,0.0,10.833333333333334,24.166666666666668,0.0,0.0
DE,Android,1894,19,414.63,0.21891763463569167,15.161034846884899,12.170538542766632,0.07993136219640971,0.01003167898627244
DE,iOS,459,13,531.58,1.1581263616557735,24.96732026143791,17.33115468409586,0.0923529411764706,0.02832244008714597
DK,Android,66,2,11.07,0.16772727272727272,25.21212121212121,18.484848484848484,0.05575757575757576,0.030303030303030304
DK,iOS,87,2,38.69,0.4447126436781609,19.25287356321839,9.862068965517242,0.0635632183908046,0.022988505747126436
DO,Android,104,0,0.0,0.0,11.134615384615385,13.278846153846153,0.0,0.0
DO,iOS,15,1,1.84,0.12266666666666667,15.333333333333334,13.466666666666667,0.12266666666666667,0.06666666666666667
DZ,Android,354,0,0.0,0.0,9.265536723163843,14.378531073446327,0.0,0.0
DZ,iOS,13,0,0.0,0.0,21.846153846153847,26.615384615384617,0.0,0.0
EC,Android,129,0,0.0,0.0,17.05426356589147,11.937984496124031,0.0,0.0
EC,iOS,7,0,0.0,0.0,13.571428571428571,9.857142857142858,0.0,0.0
EE,Android,27,0,0.0,0.0,12.74074074074074,12.11111111111111,0.0,0.0
EE,iOS,4,0,0.0,0.0,3.25,3.75,0.0,0.0
EG,Android,1394,1,1.1,0.0007890961262553803,16.058823529411764,15.846484935437589,0.0,0.0007173601147776184
EG,iOS,59,0,0.0,0.0,24.06779661016949,20.88135593220339,0.0,0.0
ES,Android,1156,2,31.340000000000003,0.02711072664359862,10.523356401384083,9.262975778546712,0.012750865051903114,0.0017301038062283738
ES,iOS,165,3,144.47,0.8755757575757576,13.49090909090909,13.042424242424243,0.6066666666666667,0.01818181818181818
ET,Android,1,0,0.0,0.0,1.0,4.0,0.0,0.0
ET,iOS,1,0,0.0,0.0,2.0,2.0,0.0,0.0
FI,Android,146,2,40.61,0.27815068493150685,16.034246575342465,10.383561643835616,0.17691780821917807,0.0136986301369863
FI,iOS,43,0,0.0,0.0,16.348837209302324,12.069767441860465,0.0,0.0
FJ,Android,4,0,0.0,0.0,1.5,2.25,0.0,0.0
FO,iOS,3,0,0.0,0.0,5.0,6.0,0.0,0.0
FR,Android,3811,37,1185.92,0.3111834164261349,17.048018892679085,11.636578325898714,0.06387037522959853,0.009708737864077669
FR,iOS,1032,18,337.78,0.3273062015503876,23.280038759689923,14.843023255813954,0.08939922480620155,0.01744186046511628
GA,Android,4,0,0.0,0.0,1.25,1.25,0.0,0.0
GA,iOS,1,0,0.0,0.0,20.0,60.0,0.0,0.0
GB,Android,1258,33,970.41,0.7713910969793323,16.124801271860097,10.31637519872814,0.09804451510333864,0.026232114467408585
GB,iOS,997,24,476.76,0.47819458375125373,16.79037111334002,12.528585757271815,0.14414242728184554,0.024072216649949848
GE,Android,24,0,0.0,0.0,26.416666666666668,28.958333333333332,0.0,0.0
GE,iOS,15,0,0.0,0.0,7.133333333333334,14.8,0.0,0.0
GF,Android,8,0,0.0,0.0,8.125,5.25,0.0,0.0
GF,iOS,1,0,0.0,0.0,1.0,1.0,0.0,0.0
GG,iOS,3,0,0.0,0.0,5.666666666666667,11.666666666666666,0.0,0.0
GH,Android,7,0,0.0,0.0,19.857142857142858,10.0,0.0,0.0
GH,iOS,3,0,0.0,0.0,26.0,44.666666666666664,0.0,0.0
GI,iOS,1,0,0.0,0.0,2.0,2.0,0.0,0.0
GL,iOS,1,0,0.0,0.0,2.0,1.0,0.0,0.0
GN,Android,1,0,0.0,0.0,12.0,90.0,0.0,0.0
GP,Android,20,0,0.0,0.0,13.75,10.65,0.0,0.0
GP,iOS,4,0,0.0,0.0,1.0,1.25,0.0,0.0
GR,Android,206,1,51.75,0.2512135922330097,11.79611650485437,11.169902912621358,0.0179126213592233,0.0048543689320388345
GR,iOS,19,1,3.68,0.1936842105263158,11.31578947368421,8.210526315789474,0.1936842105263158,0.05263157894736842
GT,Android,146,0,0.0,0.0,12.554794520547945,9.54109589041096,0.0,0.0
GT,iOS,12,0,0.0,0.0,18.5,7.416666666666667,0.0,0.0
GU,Android,7,0,0.0,0.0,10.142857142857142,18.428571428571427,0.0,0.0
GU,iOS,6,0,0.0,0.0,6.0,8.166666666666666,0.0,0.0
GY,Android,3,0,0.0,0.0,28.666666666666668,16.0,0.0,0.0
GY,iOS,1,0,0.0,0.0,1.0,1.0,0.0,0.0
HK,Android,75,0,0.0,0.0,4.586666666666667,6.04,0.0,0.0
HK,iOS,28,0,0.0,0.0,18.642857142857142,19.214285714285715,0.0,0.0
HN,Android,102,0,0.0,0.0,10.382352941176471,13.323529411764707,0.0,0.0
HN,iOS,7,0,0.0,0.0,2.2857142857142856,3.0,0.0,0.0
HR,Android,101,0,0.0,0.0,7.663366336633663,11.198019801980198,0.0,0.0
HR,iOS,9,0,0.0,0.0,35.0,10.0,0.0,0.0
HT,Android,1,0,0.0,0.0,1.0,1.0,0.0,0.0
HT,iOS,1,0,0.0,0.0,1.0,3.0,0.0,0.0
HU,Android,182,0,0.0,0.0,10.648351648351648,10.23076923076923,0.0,0.0
HU,iOS,23,0,0.0,0.0,28.73913043478261,20.82608695652174,0.0,0.0
ID,Android,2037,1,3.68,0.0018065783014236624,10.800196367206677,13.225822287677957,0.0018065783014236624,0.0004909180166912126
ID,iOS,74,0,0.0,0.0,15.22972972972973,15.91891891891892,0.0,0.0
IE,Android,86,0,0.0,0.0,11.488372093023257,11.930232558139535,0.0,0.0
IE,iOS,40,1,5.5200000000000005,0.138,11.825,15.525,0.092,0.025
IL,Android,192,0,0.0,0.0,20.005208333333332,14.088541666666666,0.0,0.0
IL,iOS,46,1,1.84,0.04,15.76086956521739,20.47826086956522,0.0,0.021739130434782608
IM,Android,2,0,0.0,0.0,1.5,1.5,0.0,0.0
IM,iOS,1,0,0.0,0.0,1.0,1.0,0.0,0.0
IN,Android,2572,1,1.84,0.0007153965785381027,10.723172628304821,10.41796267496112,0.0007153965785381027,0.00038880248833592535
IN,iOS,147,0,0.0,0.0,15.612244897959183,13.095238095238095,0.0,0.0
IQ,Android,1771,1,1.84,0.001038961038961039,9.304347826086957,10.615471485036702,0.0,0.000564652738565782
IQ,iOS,279,1,1.84,0.006594982078853047,19.874551971326166,11.28673835125448,0.006594982078853047,0.0035842293906810036
IR,Android,1282,0,0.0,0.0,11.749609984399376,12.504680187207489,0.0,0.0
IR,iOS,111,0,0.0,0.0,17.26126126126126,15.711711711711711,0.0,0.0
IS,Android,1,0,0.0,0.0,11.0,24.0,0.0,0.0
IS,iOS,4,0,0.0,0.0,18.25,18.0,0.0,0.0
IT,Android,1183,2,97.74000000000001,0.08262045646661031,10.938292476754015,11.272189349112425,0.012493660185967878,0.0016906170752324597
IT,iOS,257,4,54.56,0.212295719844358,17.470817120622566,15.042801556420233,0.03295719844357977,0.01556420233463035
JE,iOS,2,0,0.0,0.0,2.0,2.0,0.0,0.0
JM,Android,25,0,0.0,0.0,5.28,7.08,0.0,0.0
JM,iOS,1,0,0.0,0.0,38.0,41.0,0.0,0.0
JO,Android,384,0,0.0,0.0,11.848958333333334,11.721354166666666,0.0,0.0
JO,iOS,29,0,0.0,0.0,11.379310344827585,6.655172413793103,0.0,0.0
JP,Android,118,0,0.0,0.0,21.16949152542373,14.415254237288135,0.0,0.0
JP,iOS,127,3,140.41,1.1055905511811024,18.79527559055118,16.456692913385826,0.8143307086614172,0.023622047244094488
KE,Android,6,0,0.0,0.0,2.0,3.0,0.0,0.0
KE,iOS,2,0,0.0,0.0,3.0,4.0,0.0,0.0
KG,Android,47,0,0.0,0.0,12.659574468085106,14.361702127659575,0.0,0.0
KG,iOS,5,0,0.0,0.0,1.0,1.0,0.0,0.0
KH,Android,135,0,0.0,0.0,8.511111111111111,8.014814814814814,0.0,0.0
KH,iOS,55,1,7.38,0.13418181818181818,13.8,11.309090909090909,0.06709090909090909,0.01818181818181818
KN,Android,2,0,0.0,0.0,1.0,1.5,0.0,0.0
KR,Android,2419,62,4379.37,1.810405126085159,19.486978090119884,15.615957007027697,0.356597767672592,0.025630425795783382
KR,iOS,398,10,255.81,0.6427386934673367,26.58040201005025,20.683417085427134,0.36640703517587936,0.02512562814070352
KW,Android,52,1,29.54,0.568076923076923,11.615384615384615,6.1923076923076925,0.0,0.019230769230769232
KW,iOS,65,0,0.0,0.0,4.815384615384615,5.0,0.0,0.0
KY,Android,1,0,0.0,0.0,3.0,2.0,0.0,0.0
KY,iOS,2,0,0.0,0.0,8.5,32.0,0.0,0.0
KZ,Android,445,0,0.0,0.0,9.764044943820224,11.289887640449438,0.0,0.0
KZ,iOS,38,0,0.0,0.0,22.0,21.92105263157895,0.0,0.0
LA,Android,47,0,0.0,0.0,9.127659574468085,12.085106382978724,0.0,0.0
LA,iOS,8,0,0.0,0.0,38.625,14.125,0.0,0.0
LB,Android,406,0,0.0,0.0,13.024630541871922,14.566502463054187,0.0,0.0
LB,iOS,47,0,0.0,0.0,20.70212765957447,19.914893617021278,0.0,0.0
LC,Android,1,0,0.0,0.0,1.0,1.0,0.0,0.0
LI,Android,3,0,0.0,0.0,5.666666666666667,9.666666666666666,0.0,0.0
LK,Android,165,0,0.0,0.0,11.903030303030302,13.393939393939394,0.0,0.0
LK,iOS,19,0,0.0,0.0,3.1578947368421053,9.052631578947368,0.0,0.0
LT,Android,102,0,0.0,0.0,18.49019607843137,9.245098039215685,0.0,0.0
LT,iOS,5,0,0.0,0.0,65.4,29.6,0.0,0.0
LU,Android,9,0,0.0,0.0,32.666666666666664,14.333333333333334,0.0,0.0
LU,iOS,3,0,0.0,0.0,95.0,26.333333333333332,0.0,0.0
LV,Android,42,0,0.0,0.0,5.5,8.761904761904763,0.0,0.0
LV,iOS,3,0,0.0,0.0,10.0,19.333333333333332,0.0,0.0
LY,Android,91,0,0.0,0.0,12.494505494505495,14.571428571428571,0.0,0.0
LY,iOS,13,0,0.0,0.0,39.76923076923077,28.53846153846154,0.0,0.0
MA,Android,221,0,0.0,0.0,6.506787330316742,8.53393665158371,0.0,0.0
MA,iOS,23,0,0.0,0.0,15.217391304347826,10.043478260869565,0.0,0.0
MD,Android,33,0,0.0,0.0,15.303030303030303,9.93939393939394,0.0,0.0
MD,iOS,4,0,0.0,0.0,1.25,1.25,0.0,0.0
ME,Android,14,0,0.0,0.0,6.642857142857143,8.0,0.0,0.0
ME,iOS,1,0,0.0,0.0,4.0,37.0,0.0,0.0
MG,Android,16,0,0.0,0.0,1.3125,3.375,0.0,0.0
MG,iOS,5,0,0.0,0.0,2.0,2.6,0.0,0.0
MK,Android,13,0,0.0,0.0,12.307692307692308,14.692307692307692,0.0,0.0
MK,iOS,2,0,0.0,0.0,5.5,11.0,0.0,0.0
ML,Android,1,0,0.0,0.0,1.0,1.0,0.0,0.0
MM,Android,435,0,0.0,0.0,9.705747126436782,16.422988505747128,0.0,0.0
MM,iOS,18,0,0.0,0.0,13.444444444444445,13.444444444444445,0.0,0.0
MN,Android,19,0,0.0,0.0,12.31578947368421,41.526315789473685,0.0,0.0
MN,iOS,8,0,0.0,0.0,3.375,2.25,0.0,0.0
MO,Android,2,0,0.0,0.0,1.0,1.0,0.0,0.0
MO,iOS,11,0,0.0,0.0,40.81818181818182,40.72727272727273,0.0,0.0
MP,Android,1,0,0.0,0.0,1.0,1.0,0.0,0.0
MP,iOS,1,0,0.0,0.0,1.0,1.0,0.0,0.0
MQ,Android,27,0,0.0,0.0,21.962962962962962,21.185185185185187,0.0,0.0
MQ,iOS,2,0,0.0,0.0,2.5,2.0,0.0,0.0
MR,Android,1,0,0.0,0.0,1.0,1.0,0.0,0.0
MS,Android,1,0,0.0,0.0,1.0,1.0,0.0,0.0
MT,Android,3,0,0.0,0.0,3.3333333333333335,10.0,0.0,0.0
MT,iOS,1,0,0.0,0.0,1.0,1.0,0.0,0.0
MU,Android,30,0,0.0,0.0,3.1333333333333333,2.8333333333333335,0.0,0.0
MU,iOS,3,0,0.0,0.0,2.3333333333333335,2.6666666666666665,0.0,0.0
MV,Android,13,0,0.0,0.0,7.384615384615385,8.0,0.0,0.0
MV,iOS,1,0,0.0,0.0,6.0,5.0,0.0,0.0
MX,Android,1482,5,49.760000000000005,0.033576248313090425,12.165991902834008,10.338056680161943,0.008704453441295546,0.0033738191632928477
MX,iOS,200,4,12.9,0.0645,21.41,14.81,0.04605000000000001,0.02
MY,Android,628,1,1.84,0.002929936305732484,11.170382165605096,12.375796178343949,0.002929936305732484,0.0015923566878980893
MY,iOS,78,0,0.0,0.0,18.807692307692307,17.46153846153846,0.0,0.0
MZ,Android,11,0,0.0,0.0,1.4545454545454546,2.4545454545454546,0.0,0.0
NA,Android,2,0,0.0,0.0,2.0,2.5,0.0,0.0
NC,Android,7,0,0.0,0.0,17.714285714285715,18.285714285714285,0.0,0.0
NC,iOS,3,0,0.0,0.0,31.666666666666668,26.666666666666668,0.0,0.0
NE,Android,4,0,0.0,0.0,21.0,28.25,0.0,0.0
NG,Android,18,0,0.0,0.0,4.277777777777778,6.611111111111111,0.0,0.0
NG,iOS,4,0,0.0,0.0,4.25,4.75,0.0,0.0
NI,Android,54,0,0.0,0.0,13.722222222222221,10.592592592592593,0.0,0.0
NI,iOS,4,0,0.0,0.0,13.0,27.25,0.0,0.0
NL,Android,418,3,38.05,0.09102870813397128,12.282296650717702,10.241626794258373,0.017679425837320573,0.007177033492822967
NL,iOS,172,2,37.93,0.2205232558139535,16.267441860465116,13.686046511627907,0.05348837209302326,0.011627906976744186
NO,Android,99,0,0.0,0.0,13.858585858585858,11.696969696969697,0.0,0.0
NO,iOS,84,0,0.0,0.0,12.607142857142858,7.107142857142857,0.0,0.0
NP,Android,164,0,0.0,0.0,18.109756097560975,14.134146341463415,0.0,0.0
NP,iOS,8,0,0.0,0.0,9.25,6.75,0.0,0.0
NZ,Android,75,1,60.93,0.8124,5.68,5.2,0.024533333333333334,0.013333333333333334
NZ,iOS,36,0,0.0,0.0,8.583333333333334,8.277777777777779,0.0,0.0
OM,Android,97,0,0.0,0.0,8.371134020618557,7.216494845360825,0.0,0.0
OM,iOS,18,0,0.0,0.0,24.0,23.055555555555557,0.0,0.0
PA,Android,82,0,0.0,0.0,12.060975609756097,16.853658536585368,0.0,0.0
PA,iOS,6,1,1.84,0.3066666666666667,3.6666666666666665,7.166666666666667,0.3066666666666667,0.16666666666666666
PE,Android,261,0,0.0,0.0,14.53256704980843,12.076628352490422,0.0,0.0
PE,iOS,19,0,0.0,0.0,18.473684210526315,16.57894736842105,0.0,0.0
PF,Android,8,0,0.0,0.0,5.75,3.75,0.0,0.0
PF,iOS,6,0,0.0,0.0,11.0,6.333333333333333,0.0,0.0
PG,Android,1,0,0.0,0.0,6.0,20.0,0.0,0.0
PH,Android,1233,0,0.0,0.0,8.597729115977291,12.089213300892133,0.0,0.0
PH,iOS,89,0,0.0,0.0,17.764044943820224,14.685393258426966,0.0,0.0
PK,Android,358,0,0.0,0.0,7.106145251396648,7.0307262569832405,0.0,0.0
PK,iOS,34,0,0.0,0.0,14.088235294117647,6.264705882352941,0.0,0.0
PL,Android,656,1,1.1,0.0016768292682926831,14.09451219512195,13.260670731707316,0.0,0.001524390243902439
PL,iOS,45,1,12.89,0.28644444444444445,27.733333333333334,18.4,0.24555555555555558,0.022222222222222223
PR,Android,81,0,0.0,0.0,7.222222222222222,6.345679012345679,0.0,0.0
PR,iOS,21,0,0.0,0.0,16.714285714285715,12.80952380952381,0.0,0.0
PS,Android,53,0,0.0,0.0,10.132075471698114,12.547169811320755,0.0,0.0
PS,iOS,10,0,0.0,0.0,4.9,7.2,0.0,0.0
PT,Android,230,0,0.0,0.0,14.404347826086957,10.052173913043479,0.0,0.0
PT,iOS,50,2,22.110000000000003,0.44220000000000004,32.44,26.34,0.18420000000000003,0.04
PY,Android,57,0,0.0,0.0,16.771929824561404,17.70175438596491,0.0,0.0
PY,iOS,1,0,0.0,0.0,1.0,1.0,0.0,0.0
QA,Android,45,0,0.0,0.0,9.8,7.666666666666667,0.0,0.0
QA,iOS,25,0,0.0,0.0,6.92,4.16,0.0,0.0
RE,Android,36,1,20.33,0.5647222222222221,23.38888888888889,25.805555555555557,0.0,0.027777777777777776
RE,iOS,8,0,0.0,0.0,30.75,37.875,0.0,0.0
RO,Android,356,0,0.0,0.0,7.168539325842697,8.407303370786517,0.0,0.0
RO,iOS,28,0,0.0,0.0,8.5,11.857142857142858,0.0,0.0
RS,Android,133,0,0.0,0.0,7.082706766917293,9.62406015037594,0.0,0.0
RS,iOS,6,0,0.0,0.0,33.833333333333336,39.166666666666664,0.0,0.0
RU,Android,3613,10,101.21000000000001,0.02801273180182674,13.510102407971216,12.641018544146139,0.008663160808192637,0.0027677830058123443
RU,iOS,442,7,199.81,0.4520588235294118,21.14027149321267,14.475113122171946,0.28076923076923077,0.01583710407239819
RW,Android,1,0,0.0,0.0,6.0,5.0,0.0,0.0
SA,Android,791,7,271.82,0.3436409608091024,10.376738305941846,8.922882427307206,0.08686472819216182,0.008849557522123894
SA,iOS,279,3,49.1,0.1759856630824373,18.91756272401434,14.369175627240143,0.10982078853046595,0.010752688172043012
SD,Android,38,0,0.0,0.0,3.973684210526316,10.842105263157896,0.0,0.0
SD,iOS,2,0,0.0,0.0,1.0,1.0,0.0,0.0
SE,Android,166,2,62.7,0.377710843373494,11.734939759036145,8.96987951807229,0.01108433734939759,0.012048192771084338
SE,iOS,136,3,101.5,0.7463235294117647,16.154411764705884,9.573529411764707,0.3527205882352941,0.022058823529411766
SG,Android,238,1,7.38,0.031008403361344538,8.105042016806722,9.92436974789916,0.031008403361344538,0.004201680672268907
SG,iOS,33,1,5.5200000000000005,0.1672727272727273,26.151515151515152,9.909090909090908,0.11151515151515153,0.030303030303030304
SI,Android,58,0,0.0,0.0,11.931034482758621,8.258620689655173,0.0,0.0
SI,iOS,6,0,0.0,0.0,17.666666666666668,30.5,0.0,0.0
SK,Android,90,0,0.0,0.0,9.21111111111111,9.444444444444445,0.0,0.0
SK,iOS,17,0,0.0,0.0,9.882352941176471,12.058823529411764,0.0,0.0
SN,Android,4,0,0.0,0.0,3.0,7.75,0.0,0.0
SN,iOS,2,0,0.0,0.0,9.0,13.5,0.0,0.0
SR,Android,6,0,0.0,0.0,1.6666666666666667,2.5,0.0,0.0
SS,Android,1,0,0.0,0.0,121.0,177.0,0.0,0.0
SV,Android,151,0,0.0,0.0,7.370860927152318,8.264900662251655,0.0,0.0
SV,iOS,6,0,0.0,0.0,40.333333333333336,38.5,0.0,0.0
SX,Android,1,0,0.0,0.0,1.0,1.0,0.0,0.0
SX,iOS,1,0,0.0,0.0,4.0,1.0,0.0,0.0
SY,Android,213,0,0.0,0.0,9.910798122065728,14.215962441314554,0.0,0.0
SY,iOS,9,0,0.0,0.0,56.333333333333336,41.0,0.0,0.0
SZ,Android,1,0,0.0,0.0,1.0,1.0,0.0,0.0
TD,Android,1,0,0.0,0.0,3.0,13.0,0.0,0.0
TH,Android,519,0,0.0,0.0,8.734104046242775,11.18111753371869,0.0,0.0
TH,iOS,87,0,0.0,0.0,32.40229885057471,24.54022988505747,0.0,0.0
TJ,Android,22,0,0.0,0.0,18.454545454545453,14.181818181818182,0.0,0.0
TJ,iOS,1,0,0.0,0.0,1.0,1.0,0.0,0.0
TL,Android,1,0,0.0,0.0,103.0,110.0,0.0,0.0
TM,Android,45,0,0.0,0.0,8.155555555555555,13.644444444444444,0.0,0.0
TM,iOS,5,0,0.0,0.0,22.2,20.4,0.0,0.0
TN,Android,116,0,0.0,0.0,12.732758620689655,19.017241379310345,0.0,0.0
TN,iOS,7,0,0.0,0.0,13.714285714285714,30.0,0.0,0.0
TO,iOS,1,0,0.0,0.0,1.0,1.0,0.0,0.0
TR,Android,4677,13,1467.6200000000001,0.31379516784263417,9.947615993158008,10.48321573658328,0.0469510369895232,0.0027795595467179817
TR,iOS,383,7,465.77000000000004,1.2161096605744126,14.741514360313316,13.976501305483028,0.10592689295039165,0.018276762402088774
TT,Android,17,0,0.0,0.0,3.8823529411764706,7.647058823529412,0.0,0.0
TT,iOS,3,0,0.0,0.0,11.666666666666666,16.0,0.0,0.0
TW,Android,183,0,0.0,0.0,7.622950819672131,9.295081967213115,0.0,0.0
TW,iOS,40,0,0.0,0.0,17.45,16.575,0.0,0.0
TZ,Android,4,0,0.0,0.0,17.5,15.0,0.0,0.0
UA,Android,896,1,3.68,0.004107142857142857,13.587053571428571,13.220982142857142,0.0,0.0011160714285714285
UA,iOS,79,1,11.05,0.13987341772151898,15.683544303797468,17.0,0.06987341772151898,0.012658227848101266
UG,iOS,1,0,0.0,0.0,6.0,4.0,0.0,0.0
US,Android,7162,125,7260.48,1.013750349064507,12.955878246299916,10.80089360513823,0.1737280089360514,0.017453225356045796
US,iOS,4391,123,5880.33,1.3391778638123435,19.19904349806422,12.980869961284446,0.2911273058528809,0.028011842404919152
UY,Android,69,0,0.0,0.0,4.927536231884058,5.869565217391305,0.0,0.0
UY,iOS,7,0,0.0,0.0,6.0,7.285714285714286,0.0,0.0
UZ,Android,66,0,0.0,0.0,7.515151515151516,15.075757575757576,0.0,0.0
UZ,iOS,10,0,0.0,0.0,15.9,6.8,0.0,0.0
VC,Android,1,0,0.0,0.0,5.0,10.0,0.0,0.0
VE,Android,264,0,0.0,0.0,9.878787878787879,11.768939393939394,0.0,0.0
VE,iOS,16,1,3.69,0.230625,35.6875,35.75,0.0,0.0625
VG,iOS,2,0,0.0,0.0,1.0,1.0,0.0,0.0
VI,Android,1,0,0.0,0.0,1.0,1.0,0.0,0.0
VI,iOS,1,0,0.0,0.0,2.0,3.0,0.0,0.0
VN,Android,857,0,0.0,0.0,9.68144690781797,9.745624270711785,0.0,0.0
VN,iOS,214,0,0.0,0.0,15.742990654205608,14.97196261682243,0.0,0.0
XK,iOS,1,0,0.0,0.0,22.0,35.0,0.0,0.0
YE,Android,69,0,0.0,0.0,26.44927536231884,16.434782608695652,0.0,0.0
YE,iOS,2,0,0.0,0.0,1.0,1.0,0.0,0.0
YT,Android,1,0,0.0,0.0,2.0,2.0,0.0,0.0
ZA,Android,204,1,14.78,0.07245098039215686,12.563725490196079,11.705882352941176,0.07245098039215686,0.004901960784313725
ZA,iOS,20,0,0.0,0.0,14.85,13.0,0.0,0.0
ZW,Android,1,0,0.0,0.0,7.0,6.0,0.0,0.0
ZW,iOS,1,0,0.0,0.0,1.0,1.0,0.0,0.0
,Android,100,1,3.68,0.0368,8.42,10.99,0.0368,0.01
,iOS,7,1,20.29,2.8985714285714286,41.857142857142854,27.142857142857142,0.0,0.14285714285714285
