date,dau,total_sessions,hours_played,revenue_usd,purchase_count,payers,payer_rate,arppu_day
2016-01-01,1083,2940,420.7941666666667,4.76,5,0,0.0,0.0
2016-01-02,1558,5273,726.3275,46.78,21,0,0.0,0.0
2016-01-03,1872,6695,903.4752777777778,60.47,21,0,0.0,0.0
2016-01-04,1884,7132,905.2361111111111,215.03,31,0,0.0,0.0
2016-01-05,2068,7931,997.6127777777778,78.9,28,0,0.0,0.0
2016-01-06,2259,8574,1046.8833333333334,86.10000000000001,11,0,0.0,0.0
2016-01-07,2331,9049,1090.141388888889,69.02,17,0,0.0,0.0
2016-01-08,2486,9593,1151.5030555555556,180.59,34,0,0.0,0.0
2016-01-09,2798,10717,1298.6322222222223,121.75,35,0,0.0,0.0
2016-01-10,2848,11618,1404.6533333333334,180.16,40,0,0.0,0.0
2016-01-11,2576,10247,1202.923888888889,207.32,25,0,0.0,0.0
2016-01-12,2689,10872,1237.066111111111,66.45,15,0,0.0,0.0
2016-01-13,2737,11398,1298.3361111111112,157.71,28,0,0.0,0.0
2016-01-14,2770,11524,1307.6763888888888,164.74,28,0,0.0,0.0
2016-01-15,3110,12572,1410.2958333333333,163.46,45,0,0.0,0.0
2016-01-16,3469,14186,1657.4888888888888,203.72,52,0,0.0,0.0
2016-01-17,3623,14743,1690.338888888889,116.17,38,0,0.0,0.0
2016-01-18,3398,14236,1581.1902777777777,118.78999999999999,35,0,0.0,0.0
2016-01-19,3425,14365,1577.7958333333333,94.03,32,0,0.0,0.0
2016-01-20,3565,15213,1705.6036111111111,71.86,29,0,0.0,0.0
2016-01-21,3658,15185,1702.6691666666666,160.20999999999998,37,0,0.0,0.0
2016-01-22,3777,15726,1781.7283333333332,178.27,44,0,0.0,0.0
2016-01-23,4004,16197,1866.5091666666667,65.24,25,0,0.0,0.0
2016-01-24,4081,16589,1891.6452777777777,225.51,56,0,0.0,0.0
2016-01-25,3911,16191,1784.1580555555556,161.75,31,0,0.0,0.0
2016-01-26,4001,16081,1773.7144444444446,294.15,37,0,0.0,0.0
2016-01-27,4065,16619,1859.6591666666666,142.1,35,0,0.0,0.0
2016-01-28,4033,16819,1895.5155555555555,280.45,38,0,0.0,0.0
2016-01-29,4219,17205,1913.5925,337.41999999999996,39,0,0.0,0.0
2016-01-30,4389,17581,1967.0613888888888,472.3,56,0,0.0,0.0
2016-01-31,4412,18443,2106.536111111111,1202.6100000000001,63,0,0.0,0.0
2016-02-01,4337,17625,1935.8525,796.47,51,0,0.0,0.0
2016-02-02,4286,17275,1929.1127777777779,198.29999999999998,39,0,0.0,0.0
2016-02-03,4385,17418,1931.6277777777777,199.4,40,0,0.0,0.0
2016-02-04,4428,17452,1919.831111111111,398.68,55,0,0.0,0.0
2016-02-05,4479,17660,1908.8361111111112,220.46,43,0,0.0,0.0
2016-02-06,4682,18166,2079.264722222222,187.51,45,0,0.0,0.0
2016-02-07,4690,18707,2066.353888888889,131.35999999999999,36,0,0.0,0.0
2016-02-08,4574,17611,1899.503888888889,120.66,33,0,0.0,0.0
2016-02-09,4606,17997,1993.2241666666666,150.12,47,0,0.0,0.0
2016-02-10,4578,17928,1976.0738888888889,139.41,45,0,0.0,0.0
2016-02-11,4572,18194,2004.8094444444444,82.97,28,0,0.0,0.0
2016-02-12,4779,19325,2192.7805555555556,190.53,39,0,0.0,0.0
2016-02-13,4972,19538,2206.358888888889,151.22,48,0,0.0,0.0
2016-02-14,4909,19342,2156.6319444444443,164.59,43,0,0.0,0.0
2016-02-15,4747,18611,2069.4166666666665,147.56,44,0,0.0,0.0
2016-02-16,4734,18821,2084.8219444444444,140.98,36,0,0.0,0.0
2016-02-17,4890,18651,2029.066111111111,108.14,27,0,0.0,0.0
2016-02-18,4879,18817,2114.490277777778,197.89000000000001,43,0,0.0,0.0
2016-02-19,4968,19469,2138.1936111111113,78.55,26,0,0.0,0.0
2016-02-20,5182,19852,2164.0755555555556,154.06,23,0,0.0,0.0
2016-02-21,5124,20433,2288.992222222222,155.06,34,0,0.0,0.0
2016-02-22,4937,19424,2058.3016666666667,188.29999999999998,40,0,0.0,0.0
2016-02-23,4770,18326,1924.8227777777777,178.93,52,0,0.0,0.0
2016-02-24,4671,17933,1917.5697222222223,119.16,35,0,0.0,0.0
2016-02-25,4650,18339,1906.7519444444445,169.07,39,0,0.0,0.0
2016-02-26,4849,17735,1867.1672222222223,119.21,30,0,0.0,0.0
2016-02-27,5176,20224,2253.9519444444445,144.68,36,0,0.0,0.0
2016-02-28,5135,19854,2177.616666666667,153.55,37,0,0.0,0.0
2016-02-29,4645,17602,1808.6377777777777,156.19,32,0,0.0,0.0
2016-03-01,4666,17989,1908.7919444444444,207.82,49,0,0.0,0.0
2016-03-02,4625,17654,1854.6758333333332,77.38,32,0,0.0,0.0
2016-03-03,4685,17677,1851.4716666666666,80.29,37,0,0.0,0.0
2016-03-04,5034,19233,2104.909722222222,151.81,26,0,0.0,0.0
2016-03-05,5396,20534,2269.2308333333335,130.24,37,0,0.0,0.0
2016-03-06,5239,19719,2108.5138888888887,141.75,33,0,0.0,0.0
2016-03-07,4743,17884,1886.4147222222223,126.61,30,0,0.0,0.0
2016-03-08,4821,18583,1956.2266666666667,108.85,30,0,0.0,0.0
2016-03-09,4782,17904,1820.5269444444446,131.06,29,0,0.0,0.0
2016-03-10,4749,18211,1910.8044444444445,213.07,42,0,0.0,0.0
2016-03-11,4984,18606,1949.3430555555556,145.08,33,0,0.0,0.0
2016-03-12,5365,19731,2131.303611111111,178.01,33,0,0.0,0.0
2016-03-13,5281,19701,2161.4058333333332,148.72,39,0,0.0,0.0
2016-03-14,4305,14995,1619.2352777777778,122.61999999999999,22,0,0.0,0.0
2016-03-15,4094,16904,1804.378611111111,78.52,29,0,0.0,0.0
2016-03-16,4236,16138,1712.2855555555554,74.9,21,0,0.0,0.0
2016-03-17,4269,16600,1778.6861111111111,85.86,35,0,0.0,0.0
2016-03-18,4614,17488,1812.3475,136.31,22,0,0.0,0.0
2016-03-19,4912,19065,2118.643611111111,134.75,30,0,0.0,0.0
2016-03-20,4891,19307,2124.380833333333,177.71,26,0,0.0,0.0
2016-03-21,4576,17669,1808.661388888889,104.45,26,0,0.0,0.0
2016-03-22,4569,17821,1925.2777777777778,104.78,30,0,0.0,0.0
2016-03-23,4673,18320,1973.0155555555555,121.49000000000001,24,0,0.0,0.0
2016-03-24,4740,18183,1884.7283333333332,99.61,29,0,0.0,0.0
2016-03-25,4996,20558,2359.1419444444446,248.89,49,0,0.0,0.0
2016-03-26,5252,22169,2607.2008333333333,406.67,70,0,0.0,0.0
2016-03-27,5215,21419,2403.325277777778,147.26,37,0,0.0,0.0
2016-03-28,4844,19580,2184.9552777777776,92.93,31,0,0.0,0.0
2016-03-29,4811,18629,1993.4880555555555,126.1,44,0,0.0,0.0
2016-03-30,4878,18189,1887.6119444444444,31.65,17,0,0.0,0.0
2016-03-31,4842,18447,1958.6222222222223,167.29,32,0,0.0,0.0
2016-04-01,5130,18780,1992.233888888889,114.42,28,0,0.0,0.0
2016-04-02,5365,20143,2188.6130555555555,270.55,29,0,0.0,0.0
2016-04-03,5413,20607,2314.632222222222,66.3,30,0,0.0,0.0
2016-04-04,5164,19367,2099.1413888888887,97.33,35,0,0.0,0.0
2016-04-05,4840,17979,1827.848888888889,58.62,21,0,0.0,0.0
2016-04-06,4836,18234,1928.1041666666667,57.519999999999996,20,0,0.0,0.0
2016-04-07,4874,18273,1929.9697222222221,113.6,36,0,0.0,0.0
2016-04-08,5099,18582,1973.3561111111112,101.38,37,0,0.0,0.0
2016-04-09,5345,20293,2271.154722222222,138.28,47,0,0.0,0.0
2016-04-10,5309,19826,2177.195833333333,176.1,39,0,0.0,0.0
2016-04-11,4883,18065,1844.86,94.83,26,0,0.0,0.0
2016-04-12,4865,17843,1882.6630555555555,89.7,21,0,0.0,0.0
2016-04-13,4824,18018,1916.1558333333332,111.82000000000001,29,0,0.0,0.0
2016-04-14,4841,17674,1815.0494444444444,63.11,16,0,0.0,0.0
2016-04-15,5177,18683,1997.5025,78.56,25,0,0.0,0.0
2016-04-16,5355,19787,2214.1672222222223,45.69,19,0,0.0,0.0
2016-04-17,5321,19143,2045.3166666666666,137.69,32,0,0.0,0.0
2016-04-18,4859,17797,1869.3383333333334,45.38,13,0,0.0,0.0
2016-04-19,4850,17785,1848.3208333333334,38.0,11,0,0.0,0.0
2016-04-20,4645,16365,1662.0272222222222,60.94,11,0,0.0,0.0
2016-04-21,4647,16534,1768.0466666666666,197.64,31,0,0.0,0.0
2016-04-22,5039,18067,1956.6061111111112,91.46,30,0,0.0,0.0
2016-04-23,5352,18974,2063.5325,168.47,25,0,0.0,0.0
2016-04-24,5289,19418,2142.7027777777776,114.77,30,0,0.0,0.0
2016-04-25,4798,17517,1831.0891666666666,105.96,23,0,0.0,0.0
2016-04-26,4842,17396,1773.996111111111,236.57,23,0,0.0,0.0
2016-04-27,4875,17457,1832.493888888889,301.21999999999997,33,0,0.0,0.0
2016-04-28,4840,17458,1843.2691666666667,51.64,16,0,0.0,0.0
2016-04-29,5143,17915,1835.5952777777777,76.08,14,0,0.0,0.0
2016-04-30,5362,19146,2117.6608333333334,170.18,39,0,0.0,0.0
2016-05-01,5312,19101,2111.8302777777776,75.56,29,0,0.0,0.0
2016-05-02,5226,18388,1911.4197222222222,145.81,34,0,0.0,0.0
2016-05-03,4838,17432,1854.0958333333333,254.86,44,0,0.0,0.0
2016-05-04,4862,17717,1889.5952777777777,63.75,26,0,0.0,0.0
2016-05-05,4871,17140,1750.9677777777779,81.87,27,0,0.0,0.0
2016-05-06,5091,18142,1959.3361111111112,87.82,24,0,0.0,0.0
2016-05-07,5305,19106,2161.2619444444445,243.9,30,0,0.0,0.0
2016-05-08,5348,19086,2027.6658333333332,67.07000000000001,27,0,0.0,0.0
2016-05-09,4865,17532,1852.1322222222223,56.0,24,0,0.0,0.0
2016-05-10,4900,17603,1833.358888888889,134.43,25,0,0.0,0.0
2016-05-11,4925,17373,1740.2947222222222,66.02,21,0,0.0,0.0
2016-05-12,4902,17684,1891.5294444444444,44.55,22,0,0.0,0.0
2016-05-13,5216,18444,2017.0372222222222,121.03999999999999,32,0,0.0,0.0
2016-05-14,5462,19715,2114.376111111111,113.27,32,0,0.0,0.0
2016-05-15,5391,19536,2194.029722222222,101.78,34,0,0.0,0.0
2016-05-16,4983,17893,1912.5072222222223,82.63,25,0,0.0,0.0
2016-05-17,4983,17606,1795.6558333333332,94.42,30,0,0.0,0.0
2016-05-18,4958,17914,1906.4777777777779,81.94,20,0,0.0,0.0
2016-05-19,4929,17676,1902.9788888888888,99.98,29,0,0.0,0.0
2016-05-20,5030,17990,1858.3125,80.13,16,0,0.0,0.0
2016-05-21,5476,22353,2553.0852777777777,96.63,31,0,0.0,0.0
2016-05-22,5353,19718,2213.8722222222223,141.64,44,0,0.0,0.0
2016-05-23,4959,17504,1782.0325,69.36,20,0,0.0,0.0
2016-05-24,5011,18134,1956.128611111111,58.99,21,0,0.0,0.0
2016-05-25,5006,17916,1916.9394444444445,61.2,22,0,0.0,0.0
2016-05-26,5007,17675,1817.8952777777777,56.83,15,0,0.0,0.0
2016-05-27,5248,18906,2091.655,95.99,21,0,0.0,0.0
2016-05-28,5447,19667,2170.3055555555557,134.39,29,0,0.0,0.0
2016-05-29,5392,19150,2039.0991666666666,51.63,17,0,0.0,0.0
2016-05-30,4992,18054,1923.5127777777777,89.67999999999999,23,0,0.0,0.0
2016-05-31,5071,18022,1896.5394444444444,37.23,14,0,0.0,0.0
2016-06-01,5072,18269,1836.6680555555556,54.239999999999995,15,0,0.0,0.0
2016-06-02,4958,17622,1864.3283333333334,133.64,30,0,0.0,0.0
2016-06-03,5209,18074,1956.3530555555556,109.68,21,0,0.0,0.0
2016-06-04,5391,19074,2019.0122222222221,115.58,23,0,0.0,0.0
2016-06-05,5357,19255,2115.6105555555555,127.72,30,0,0.0,0.0
2016-06-06,4540,15150,1728.5922222222223,83.75,24,0,0.0,0.0
2016-06-07,4445,16960,1877.0308333333332,111.53,21,0,0.0,0.0
2016-06-08,4801,17971,2067.0419444444447,94.53,19,0,0.0,0.0
2016-06-09,4956,18291,2088.6477777777777,128.51,25,0,0.0,0.0
2016-06-10,4995,18007,1956.5652777777777,50.57,12,0,0.0,0.0
2016-06-11,5004,18124,2060.2033333333334,64.2,18,0,0.0,0.0
2016-06-12,4871,17906,2027.4427777777778,207.57999999999998,36,0,0.0,0.0
2016-06-13,4769,17547,1812.6038888888888,71.24,17,0,0.0,0.0
2016-06-14,4776,17441,1910.6469444444444,158.15,21,0,0.0,0.0
2016-06-15,4752,17385,1926.4494444444445,130.65,33,0,0.0,0.0
2016-06-16,4777,16980,1804.911388888889,76.74,22,0,0.0,0.0
2016-06-17,4972,17871,1971.0213888888889,216.06,39,0,0.0,0.0
2016-06-18,5075,18312,2108.2477777777776,58.55,28,0,0.0,0.0
2016-06-19,5050,18272,1958.4038888888888,109.92999999999999,33,0,0.0,0.0
2016-06-20,4787,17205,1873.786111111111,36.81,19,0,0.0,0.0
2016-06-21,4780,17173,1888.0325,50.43,26,0,0.0,0.0
2016-06-22,4795,16942,1774.6702777777778,50.47,22,0,0.0,0.0
2016-06-23,4836,17192,1913.2086111111112,92.54,33,0,0.0,0.0
2016-06-24,4926,17065,1915.325,145.09,32,0,0.0,0.0
2016-06-25,5072,17579,1902.5119444444445,114.12,21,0,0.0,0.0
2016-06-26,5084,17926,2041.111388888889,100.42999999999999,21,0,0.0,0.0
2016-06-27,4850,17263,1932.8836111111111,82.66,22,0,0.0,0.0
2016-06-28,4893,16996,1838.105,44.589999999999996,18,0,0.0,0.0
2016-06-29,4959,18000,2006.9216666666666,122.96,25,0,0.0,0.0
2016-06-30,5028,17921,2001.5230555555556,102.6,26,0,0.0,0.0
2016-07-01,5142,20376,2453.7905555555553,144.54999999999998,49,0,0.0,0.0
2016-07-02,5190,21946,2767.462777777778,213.99,61,0,0.0,0.0
2016-07-03,5209,21712,2645.1741666666667,255.01999999999998,65,0,0.0,0.0
2016-07-04,5145,20766,2352.257777777778,186.52,33,0,0.0,0.0
2016-07-05,5103,18805,2126.78,18.75,12,0,0.0,0.0
2016-07-06,5104,18384,2060.8319444444446,53.44,21,0,0.0,0.0
2016-07-07,5139,18441,1993.3211111111111,125.17999999999999,25,0,0.0,0.0
2016-07-08,5248,18471,2072.893611111111,65.67999999999999,18,0,0.0,0.0
2016-07-09,5194,18075,2081.851388888889,71.89,26,0,0.0,0.0
2016-07-10,5199,18024,2034.6733333333334,93.4,21,0,0.0,0.0
2016-07-11,5158,18103,2098.6116666666667,107.05,25,0,0.0,0.0
2016-07-12,5145,17930,2062.7894444444446,36.82,18,0,0.0,0.0
2016-07-13,5192,18069,1981.941388888889,174.0,27,0,0.0,0.0
2016-07-14,5186,18066,2069.64,78.53,28,0,0.0,0.0
2016-07-15,5196,18018,2032.293888888889,157.36,26,0,0.0,0.0
2016-07-16,5160,17275,1885.0388888888888,68.71000000000001,11,0,0.0,0.0
2016-07-17,5206,17806,2047.6538888888888,168.51,21,0,0.0,0.0
2016-07-18,5127,18232,2064.467222222222,103.78,19,0,0.0,0.0
2016-07-19,5173,18092,1958.4038888888888,40.91,16,0,0.0,0.0
2016-07-20,5161,17686,1989.3180555555555,137.47,17,0,0.0,0.0
2016-07-21,5107,17752,2047.6158333333333,90.0,28,0,0.0,0.0
2016-07-22,5165,17697,1985.7316666666666,62.68,22,0,0.0,0.0
2016-07-23,5131,17439,2057.8105555555558,106.41,15,0,0.0,0.0
2016-07-24,5149,17882,2141.356388888889,95.26,20,0,0.0,0.0
2016-07-25,5111,17882,2022.1866666666667,44.59,18,0,0.0,0.0
2016-07-26,5136,18040,2067.8175,84.48,25,0,0.0,0.0
2016-07-27,5143,17845,2043.4144444444444,65.72,14,0,0.0,0.0
2016-07-28,5139,17511,1921.8383333333334,98.61,18,0,0.0,0.0
2016-07-29,5052,17541,2040.4394444444445,12.04,17,0,0.0,0.0
2016-07-30,5077,17573,2042.5044444444445,97.1,21,0,0.0,0.0
2016-07-31,5077,17599,1970.6294444444445,91.89999999999999,23,0,0.0,0.0
2016-08-01,5156,17902,2020.1016666666667,59.35,22,0,0.0,0.0
2016-08-02,5132,17712,2023.161111111111,98.16,26,0,0.0,0.0
2016-08-03,5121,17835,1950.5319444444444,113.79,17,0,0.0,0.0
2016-08-04,5073,18148,2051.841388888889,79.36,19,0,0.0,0.0
2016-08-05,5102,17678,2007.3705555555555,82.6,28,0,0.0,0.0
2016-08-06,5097,17358,1899.1177777777777,214.68,29,0,0.0,0.0
2016-08-07,5159,17912,2028.7983333333334,88.59,21,0,0.0,0.0
2016-08-08,5150,17638,2032.6647222222223,160.32,26,0,0.0,0.0
2016-08-09,5136,17602,1918.8980555555556,88.28999999999999,14,0,0.0,0.0
2016-08-10,5107,17828,2020.2652777777778,42.03,15,0,0.0,0.0
2016-08-11,5065,17756,2032.411111111111,57.449999999999996,27,0,0.0,0.0
2016-08-12,5080,17526,1878.2077777777777,112.95,27,0,0.0,0.0
2016-08-13,5091,17431,2021.1038888888888,97.83,22,0,0.0,0.0
2016-08-14,5100,17572,2048.8044444444445,63.44,20,0,0.0,0.0
2016-08-15,5049,17206,1890.423611111111,130.42,19,0,0.0,0.0
2016-08-16,5057,17549,2011.1933333333334,104.11,23,0,0.0,0.0
2016-08-17,5052,17524,2012.653611111111,46.48,14,0,0.0,0.0
2016-08-18,5082,17294,1860.858888888889,46.48,14,0,0.0,0.0
2016-08-19,5049,17578,1983.3402777777778,142.57,25,0,0.0,0.0
2016-08-20,5063,17266,2000.6255555555556,81.61,16,0,0.0,0.0
2016-08-21,5058,16953,1903.9927777777777,13.98,8,0,0.0,0.0
2016-08-22,4961,17034,1947.4302777777777,54.220000000000006,17,0,0.0,0.0
2016-08-23,4943,16757,1904.0,34.25,16,0,0.0,0.0
2016-08-24,4931,16308,1759.5613888888888,100.76,25,0,0.0,0.0
2016-08-25,4911,16507,1879.1391666666666,71.61999999999999,16,0,0.0,0.0
2016-08-26,4935,16624,1954.2169444444444,185.48,26,0,0.0,0.0
2016-08-27,4997,16583,1869.2419444444445,107.11,19,0,0.0,0.0
2016-08-28,5021,17018,2016.546388888889,115.54,27,0,0.0,0.0
2016-08-29,4945,16906,1940.9786111111111,38.64,21,0,0.0,0.0
2016-08-30,4910,16437,1780.8658333333333,43.54,12,0,0.0,0.0
2016-08-31,4806,16075,1802.5097222222223,67.85,23,0,0.0,0.0
2016-09-01,4560,15220,1644.9941666666666,47.620000000000005,11,0,0.0,0.0
2016-09-02,4738,15350,1662.3305555555555,121.13,23,0,0.0,0.0
2016-09-03,4970,16633,1973.9691666666668,80.02000000000001,27,0,0.0,0.0
2016-09-04,4924,16196,1845.0925,25.34,19,0,0.0,0.0
2016-09-05,4539,14861,1566.0180555555555,131.79,30,0,0.0,0.0
2016-09-06,4435,14777,1650.8538888888888,86.06,15,0,0.0,0.0
2016-09-07,4125,13015,1479.4058333333332,45.05,9,0,0.0,0.0
2016-09-08,3865,13501,1459.0525,43.879999999999995,15,0,0.0,0.0
2016-09-09,4202,14087,1607.0111111111112,139.26999999999998,22,0,0.0,0.0
2016-09-10,4534,15691,1845.6705555555557,38.61,24,0,0.0,0.0
2016-09-11,4545,15437,1714.026111111111,87.72999999999999,33,0,0.0,0.0
2016-09-12,4134,14518,1607.4475,79.33,22,0,0.0,0.0
2016-09-13,4176,14533,1624.5741666666668,57.42,30,0,0.0,0.0
2016-09-14,4530,15091,1646.9241666666667,45.28,23,0,0.0,0.0
2016-09-15,4676,16080,1863.5477777777778,128.87,26,0,0.0,0.0
2016-09-16,4670,16170,1868.4780555555556,67.23,48,0,0.0,0.0
2016-09-17,4682,15783,1704.7758333333334,54.910000000000004,22,0,0.0,0.0
2016-09-18,4454,15230,1696.7058333333334,166.18,32,0,0.0,0.0
2016-09-19,4248,14713,1609.6297222222222,125.19,24,0,0.0,0.0
2016-09-20,4185,14058,1479.8677777777777,76.45,14,0,0.0,0.0
2016-09-21,4209,14581,1643.7494444444444,59.730000000000004,21,0,0.0,0.0
2016-09-22,4216,14321,1588.4708333333333,75.3,18,0,0.0,0.0
2016-09-23,4468,14726,1588.2772222222222,40.18,15,0,0.0,0.0
2016-09-24,4758,16006,1854.701388888889,43.08,21,0,0.0,0.0
2016-09-25,4712,15822,1841.8125,87.8,26,0,0.0,0.0
2016-09-26,4298,14273,1506.181388888889,46.49,13,0,0.0,0.0
2016-09-27,4300,14476,1597.7072222222223,20.23,12,0,0.0,0.0
2016-09-28,4256,14117,1576.01,39.089999999999996,13,0,0.0,0.0
2016-09-29,4254,13893,1453.4119444444445,69.76,17,0,0.0,0.0
2016-09-30,4614,15135,1732.9644444444446,151.82,25,0,0.0,0.0
2016-10-01,4900,16163,1899.3469444444445,162.56,24,0,0.0,0.0
2016-10-02,4821,15926,1834.2633333333333,61.95,21,0,0.0,0.0
2016-10-03,4657,15750,1806.3180555555555,105.59,23,0,0.0,0.0
2016-10-04,4644,15482,1760.9675,54.21,18,0,0.0,0.0
2016-10-05,4635,15289,1652.763611111111,87.55,14,0,0.0,0.0
2016-10-06,4640,15753,1805.5188888888888,70.85000000000001,19,0,0.0,0.0
2016-10-07,4601,15398,1744.4230555555555,112.61,24,0,0.0,0.0
2016-10-08,4341,14119,1519.3580555555557,97.17,14,0,0.0,0.0
2016-10-09,4394,14648,1685.5416666666667,133.75,19,0,0.0,0.0
2016-10-10,4235,14204,1599.1177777777777,69.38,18,0,0.0,0.0
2016-10-11,4199,14000,1461.2736111111112,143.01000000000002,18,0,0.0,0.0
2016-10-12,4248,14427,1598.9866666666667,98.21000000000001,21,0,0.0,0.0
2016-10-13,4255,14412,1616.2741666666666,57.86,23,0,0.0,0.0
2016-10-14,4499,14480,1561.1069444444445,175.95,17,0,0.0,0.0
2016-10-15,4765,15825,1831.3825,104.76,32,0,0.0,0.0
2016-10-16,4694,16057,1876.9525,107.72,32,0,0.0,0.0
2016-10-17,4209,14280,1475.5555555555557,40.54,16,0,0.0,0.0
2016-10-18,4231,14399,1586.3219444444444,101.51,24,0,0.0,0.0
2016-10-19,4202,14526,1632.9858333333334,151.77,30,0,0.0,0.0
2016-10-20,4279,14151,1510.808611111111,150.77,19,0,0.0,0.0
2016-10-21,4512,15515,1730.1627777777778,28.37,12,0,0.0,0.0
2016-10-22,4772,16159,1863.3852777777777,125.61,19,0,0.0,0.0
2016-10-23,4683,15378,1659.82,13.57,12,0,0.0,0.0
2016-10-24,4231,14573,1606.3158333333333,83.82000000000001,17,0,0.0,0.0
2016-10-25,4246,14256,1608.81,46.11,14,0,0.0,0.0
2016-10-26,4263,14326,1555.0288888888888,32.08,11,0,0.0,0.0
2016-10-27,4241,14507,1608.4622222222222,60.14000000000001,17,0,0.0,0.0
2016-10-28,4596,17565,2316.281111111111,202.21,55,0,0.0,0.0
2016-10-29,4766,19981,2574.909166666667,382.26,69,0,0.0,0.0
2016-10-30,4844,19930,2499.1075,192.97,54,0,0.0,0.0
2016-10-31,4455,17760,2140.947777777778,176.41,45,0,0.0,0.0
2016-11-01,4450,17139,1951.2708333333333,237.91,37,0,0.0,0.0
2016-11-02,4481,15303,1691.8516666666667,87.50999999999999,18,0,0.0,0.0
2016-11-03,4390,14678,1630.4019444444446,86.75,20,0,0.0,0.0
2016-11-04,4670,15477,1673.5252777777778,71.97,18,0,0.0,0.0
2016-11-05,4888,16479,1887.0336111111112,126.88999999999999,39,0,0.0,0.0
2016-11-06,4783,15991,1876.2916666666667,60.12,19,0,0.0,0.0
2016-11-07,4337,14469,1544.9566666666667,25.009999999999998,15,0,0.0,0.0
2016-11-08,4332,14585,1593.3222222222223,126.33,21,0,0.0,0.0
2016-11-09,4270,14315,1562.7394444444444,50.93,13,0,0.0,0.0
2016-11-10,3893,12237,1259.0236111111112,133.67,27,0,0.0,0.0
2016-11-11,4075,14420,1758.901111111111,217.83,47,0,0.0,0.0
2016-11-12,4368,15538,1917.3627777777779,197.51,44,0,0.0,0.0
2016-11-13,4466,15762,1923.7430555555557,59.63,31,0,0.0,0.0
2016-11-14,4060,13918,1608.8369444444445,26.45,19,0,0.0,0.0
2016-11-15,4082,14050,1602.7922222222223,67.7,38,0,0.0,0.0
2016-11-16,4080,13945,1591.9008333333334,115.59,22,0,0.0,0.0
2016-11-17,4103,14073,1485.0472222222222,150.35,24,0,0.0,0.0
2016-11-18,4350,15112,1725.83,179.08,37,0,0.0,0.0
2016-11-19,4598,16075,1865.8383333333334,287.03000000000003,46,0,0.0,0.0
2016-11-20,4530,15624,1847.7533333333333,143.27,29,0,0.0,0.0
2016-11-21,4155,14001,1522.5077777777778,130.06,18,0,0.0,0.0
2016-11-22,4154,14205,1576.3141666666668,47.120000000000005,24,0,0.0,0.0
2016-11-23,4221,13832,1584.9563888888888,75.19,29,0,0.0,0.0
2016-11-24,4164,13791,1472.8425,39.06,16,0,0.0,0.0
2016-11-25,4453,14931,1738.1763888888888,64.1,28,0,0.0,0.0
2016-11-26,4625,15645,1867.5966666666666,124.71,35,0,0.0,0.0
2016-11-27,4604,15300,1820.9127777777778,82.57,31,0,0.0,0.0
2016-11-28,4161,13875,1540.9911111111112,26.49,15,0,0.0,0.0
2016-11-29,4148,14077,1574.2372222222223,71.26,15,0,0.0,0.0
2016-11-30,4220,14094,1582.7230555555554,81.95,19,0,0.0,0.0
2016-12-01,4324,14120,1477.9658333333334,91.83,30,0,0.0,0.0
2016-12-02,4530,15342,1755.118888888889,150.68,28,0,0.0,0.0
2016-12-03,4815,15970,1876.308888888889,133.23,34,0,0.0,0.0
2016-12-04,4686,15547,1780.0897222222222,83.76,23,0,0.0,0.0
2016-12-05,4300,14194,1497.4872222222223,27.240000000000002,14,0,0.0,0.0
2016-12-06,4331,14668,1600.4555555555555,28.29,20,0,0.0,0.0
2016-12-07,4327,14467,1604.355,56.76,22,0,0.0,0.0
2016-12-08,4258,13780,1448.7736111111112,42.04,14,0,0.0,0.0
2016-12-09,4507,15208,1778.3638888888888,78.93,25,0,0.0,0.0
2016-12-10,4705,15818,1887.0125,83.38,24,0,0.0,0.0
2016-12-11,4680,15589,1840.3527777777779,354.19,27,0,0.0,0.0
2016-12-12,4273,14147,1517.8091666666667,26.080000000000002,19,0,0.0,0.0
2016-12-13,4348,14939,1657.7627777777777,52.660000000000004,25,0,0.0,0.0
2016-12-14,4297,14516,1662.371388888889,67.49000000000001,22,0,0.0,0.0
2016-12-15,4302,13969,1472.6844444444444,75.2,28,0,0.0,0.0
2016-12-16,4518,15039,1747.1719444444445,101.46,29,0,0.0,0.0
2016-12-17,4700,15671,1834.346388888889,81.48,29,0,0.0,0.0
2016-12-18,4660,15224,1802.056388888889,75.14,34,0,0.0,0.0
2016-12-19,4347,13993,1530.9894444444444,130.95,40,0,0.0,0.0
2016-12-20,4345,14563,1634.5902777777778,67.03,31,0,0.0,0.0
2016-12-21,4391,14754,1673.1463888888889,45.71,17,0,0.0,0.0
2016-12-22,4393,14505,1527.7547222222222,21.7,13,0,0.0,0.0
2016-12-23,4602,15506,1794.9494444444445,96.93,38,0,0.0,0.0
2016-12-24,4745,15775,1839.7433333333333,68.16,29,0,0.0,0.0
2016-12-25,4709,15140,1751.2705555555556,85.91,30,0,0.0,0.0
2016-12-26,4399,14670,1627.0744444444445,48.22,25,0,0.0,0.0
2016-12-27,4421,14817,1677.745,124.85,21,0,0.0,0.0
2016-12-28,4436,14669,1690.8655555555556,78.24,20,0,0.0,0.0
2016-12-29,4493,14820,1584.173888888889,58.34,12,0,0.0,0.0
2016-12-30,4669,15501,1821.3561111111112,49.31,27,0,0.0,0.0
2016-12-31,4873,15958,1854.9355555555555,126.39999999999999,51,0,0.0,0.0
